{"cameraMode":{"drawMode":0,"name":"Shaded","section":"Shading Mode"},"sceneLighting":false,"audioPlay":false,"sceneViewState":{"showFog":true,"showMaterialUpdate":false,"showSkybox":false,"showFlares":true,"showImageEffects":true,"showParticleSystems":true},"in2DMode":false,"pivot":{"x":-3.253535032272339,"y":-0.5822021961212158,"z":-1.7476341724395753},"rotation":{"x":0.07563232630491257,"y":0.9228315353393555,"z":-0.2933806777000427,"w":0.2379002720117569},"size":7.534147262573242,"orthographic":true}