{"cameraMode":{"drawMode":0,"name":"Shaded","section":"Shading Mode"},"sceneLighting":true,"audioPlay":false,"sceneViewState":{"showFog":true,"showMaterialUpdate":false,"showSkybox":true,"showFlares":true,"showImageEffects":true,"showParticleSystems":true},"in2DMode":false,"pivot":{"x":-1.592529296875,"y":5.8857421875,"z":2.71484375},"rotation":{"x":-0.04976799339056015,"y":-0.02905033715069294,"z":0.0014384875539690257,"w":-0.9983433485031128},"size":8.598556518554688,"orthographic":true}