{"cameraMode":{"drawMode":0,"name":"Shaded","section":"Shading Mode"},"sceneLighting":true,"audioPlay":false,"sceneViewState":{"showFog":true,"showMaterialUpdate":false,"showSkybox":true,"showFlares":true,"showImageEffects":true,"showParticleSystems":true},"in2DMode":false,"pivot":{"x":1.1069145202636719,"y":5.15501594543457,"z":6.140869140625},"rotation":{"x":0.03044046275317669,"y":0.25647199153900149,"z":-0.008081912994384766,"w":0.9660453796386719},"size":8.02890396118164,"orthographic":true}